"2024/cpansa-net-cidr-lite-2021-47154.json","2024-03-18T01:00:00"
"2024/cpansa-net-ipaddress-util-2021-47156.json","2024-03-18T01:00:00"
"2024/cpansa-net-ipv4addr-2021-47155.json","2024-03-18T01:00:00"
"2024/cpansa-spreadsheet-parsexlsx-2024-23525.json","2024-01-17T01:00:00"
"2024/cpansa-spreadsheet-parsexlsx-2024-22368.json","2024-01-03T01:00:00"
"2023/cpansa-spreadsheet-parseexcel-2023-7101.json","2023-12-24T01:00:00"
"2023/cpansa-perl-2023-47038.json","2023-10-30T01:00:00"
"2023/cpansa-perl-2023-47039.json","2023-10-30T01:00:00"
"2023/cpansa-perl-2022-48522.json","2023-08-22T02:00:00"
"2023/cpansa-plack-middleware-xsrfblock-20230714-01.json","2023-07-14T02:00:00"
"2023/cpansa-cpan-2023-31484.json","2023-02-28T01:00:00"
"2023/cpansa-gitlab-api-v4-2023-31485.json","2023-02-28T01:00:00"
"2023/cpansa-cpanel-json-xs-2023-01.json","2023-02-21T01:00:00"
"2023/cpansa-http-tiny-2023-31486.json","2023-02-14T01:00:00"
"2023/cpansa-apache-session-browseable-2020-36659.json","2023-01-27T01:00:00"
"2023/cpansa-apache-session-ldap-2020-36658.json","2023-01-27T01:00:00"
"2023/cpansa-html-stripscripts-2023-24038.json","2023-01-21T01:00:00"
"2022/cpansa-mojolicious-2022-03.json","2022-12-10T01:00:00"
"2022/cpansa-urxvt-bgdsl-2022-4170.json","2022-12-09T01:00:00"
"2022/cpansa-mt-2022-43660.json","2022-12-07T01:00:00"
"2022/cpansa-mt-2022-38078.json","2022-08-24T02:00:00"
"2022/cpansa-net-ldaps-2020-16093.json","2022-07-18T02:00:00"
"2022/cpansa-http-daemon-2022-31081.json","2022-06-27T02:00:00"
"2022/cpansa-dpkg-2022-1664.json","2022-05-26T02:00:00"
"2022/cpansa-image-exiftool-2022-23935.json","2022-01-25T01:00:00"
"2021/cpansa-cpan-checksums-2020-16155.json","2021-12-13T01:00:00"
"2021/cpansa-cpan-2020-16156.json","2021-12-13T01:00:00"
"2021/cpansa-mt-2021-20837.json","2021-10-26T02:00:00"
"2021/cpansa-kossy-2021-01.json","2021-08-29T02:00:00"
"2021/cpansa-mt-2021-20814.json","2021-08-26T02:00:00"
"2021/cpansa-mt-2021-20813.json","2021-08-26T02:00:00"
"2021/cpansa-mt-2021-20815.json","2021-08-26T02:00:00"
"2021/cpansa-mt-2021-20811.json","2021-08-26T02:00:00"
"2021/cpansa-mt-2021-20810.json","2021-08-26T02:00:00"
"2021/cpansa-mt-2021-20809.json","2021-08-26T02:00:00"
"2021/cpansa-mt-2021-20808.json","2021-08-26T02:00:00"
"2021/cpansa-mt-2021-20812.json","2021-08-26T02:00:00"
"2021/cpansa-zonemaster-backend-2021-001.json","2021-08-05T02:00:00"
"2021/cpansa-encode-2021-01.json","2021-07-17T02:00:00"
"2021/cpansa-xml-atom-2012-1102.json","2021-07-09T02:00:00"
"2021/cpansa-mojolicious-2021-02.json","2021-06-01T02:00:00"
"2021/cpansa-data-validate-ip-2021-01.json","2021-03-31T02:00:00"
"2021/cpansa-net-netmask-2021-01.json","2021-03-29T02:00:00"
"2021/cpansa-mojolicious-2021-01.json","2021-03-16T01:00:00"
"2020/cpansa-mojolicious-2020-01.json","2020-11-10T01:00:00"
"2020/cpansa-xao-web-2020-01.json","2020-09-18T02:00:00"
"2020/cpansa-dbi-2020-02.json","2020-09-17T02:00:00"
"2020/cpansa-dbi-2020-01.json","2020-09-16T02:00:00"
"2020/cpansa-dbi-2014-10402.json","2020-09-16T02:00:00"
"2020/cpansa-dbi-2014-10401.json","2020-09-11T02:00:00"
"2020/cpansa-dbi-2013-7491.json","2020-09-11T02:00:00"
"2020/cpansa-dbi-2013-7490.json","2020-09-11T02:00:00"
"2020/cpansa-galileo-2019-7410.json","2020-08-14T02:00:00"
"2020/cpansa-crypt-perl-2020-01.json","2020-08-10T02:00:00"
"2020/cpansa-app-cpanminus-2020-01.json","2020-07-30T02:00:00"
"2020/cpansa-dbd-sqlite-2020-15358.json","2020-06-27T02:00:00"
"2020/cpansa-dbi-2020-03.json","2020-06-17T02:00:00"
"2020/cpansa-crypt-perl-2020-02.json","2020-06-07T02:00:00"
"2020/cpansa-perl-2020-12723.json","2020-06-05T02:00:00"
"2020/cpansa-perl-2020-10878.json","2020-06-05T02:00:00"
"2020/cpansa-perl-2020-10543.json","2020-06-05T02:00:00"
"2020/cpansa-dbd-sqlite-2020-13632.json","2020-05-27T02:00:00"
"2020/cpansa-dbd-sqlite-2020-13631.json","2020-05-27T02:00:00"
"2020/cpansa-dbd-sqlite-2020-13630.json","2020-05-27T02:00:00"
"2020/cpansa-dbd-sqlite-2020-13435.json","2020-05-24T02:00:00"
"2020/cpansa-dbd-sqlite-2020-13434.json","2020-05-24T02:00:00"
"2020/cpansa-mt-2020-5577.json","2020-05-14T02:00:00"
"2020/cpansa-mt-2020-5576.json","2020-05-14T02:00:00"
"2020/cpansa-mt-2020-5575.json","2020-05-14T02:00:00"
"2020/cpansa-mt-2020-5574.json","2020-05-14T02:00:00"
"2020/cpansa-dbd-sqlite-2020-11656.json","2020-04-09T02:00:00"
"2020/cpansa-dbd-sqlite-2020-11655.json","2020-04-09T02:00:00"
"2020/cpansa-convert-asn1-2013-7488.json","2020-04-07T02:00:00"
"2020/cpansa-dbd-sqlite-2020-9327.json","2020-02-21T01:00:00"
"2020/cpansa-alien-pcre2-2019-20454.json","2020-02-14T01:00:00"
"2020/cpansa-mt-2020-5528.json","2020-02-06T01:00:00"
"2020/cpansa-batch-batchrun-2011-4117.json","2020-01-31T01:00:00"
"2020/cpansa-file-temp-2011-4116.json","2020-01-31T01:00:00"
"2020/cpansa-parallel-forkmanager-2011-4115.json","2020-01-31T01:00:00"
"2020/cpansa-lwp-protocol-https-2014-3230.json","2020-01-28T01:00:00"
"2020/cpansa-module-metadata-2013-1437.json","2020-01-28T01:00:00"
"2020/cpansa-dbd-sqlite-2019-19959.json","2020-01-03T01:00:00"
"2020/cpansa-dbd-sqlite-2019-20218.json","2020-01-02T01:00:00"
"2019/cpansa-mt-2019-6025.json","2019-12-26T01:00:00"
"2019/cpansa-dbd-sqlite-2019-19925.json","2019-12-24T01:00:00"
"2019/cpansa-dbd-sqlite-2019-19924.json","2019-12-24T01:00:00"
"2019/cpansa-dbd-sqlite-2019-19923.json","2019-12-24T01:00:00"
"2019/cpansa-dbd-sqlite-2019-19926.json","2019-12-23T01:00:00"
"2019/cpansa-dbd-sqlite-2019-19880.json","2019-12-18T01:00:00"
"2019/cpansa-data-uuid-2013-4184.json","2019-12-10T01:00:00"
"2019/cpansa-dbd-sqlite-2019-19646.json","2019-12-09T01:00:00"
"2019/cpansa-dbd-sqlite-2019-19645.json","2019-12-09T01:00:00"
"2019/cpansa-dbd-sqlite-2019-19603.json","2019-12-09T01:00:00"
"2019/cpansa-dbd-sqlite-2019-19317.json","2019-12-05T01:00:00"
"2019/cpansa-dbd-sqlite-2019-19242.json","2019-11-27T01:00:00"
"2019/cpansa-dbd-sqlite-2019-19244.json","2019-11-25T01:00:00"
"2019/cpansa-poe-component-irc-2010-3438.json","2019-11-12T01:00:00"
"2019/cpansa-net-dropbear-2019-17362.json","2019-10-09T02:00:00"
"2019/cpansa-dbd-sqlite-2019-8457.json","2019-05-30T02:00:00"
"2019/cpansa-dbd-sqlite-2019-5018.json","2019-05-10T02:00:00"
"2019/cpansa-yaml-2019-01.json","2019-04-27T02:00:00"
"2019/cpansa-dbd-sqlite-2018-20506.json","2019-04-03T02:00:00"
"2019/cpansa-dbd-sqlite-2018-20505.json","2019-04-03T02:00:00"
"2019/cpansa-crypt-jwt-2019-01.json","2019-03-20T01:00:00"
"2019/cpansa-gd-2019-6977.json","2019-01-27T01:00:00"
"2018/cpansa-dbd-sqlite-2018-20346.json","2018-12-21T01:00:00"
"2018/cpansa-perl-2018-18314.json","2018-12-07T01:00:00"
"2018/cpansa-perl-2018-18313.json","2018-12-07T01:00:00"
"2018/cpansa-perl-2018-18311.json","2018-12-07T01:00:00"
"2018/cpansa-perl-2018-18312.json","2018-12-05T01:00:00"
"2018/cpansa-cryptx-2018-01.json","2018-10-26T02:00:00"
"2018/cpansa-mt-2018-0672.json","2018-09-04T02:00:00"
"2018/cpansa-mojolicious-2018-04.json","2018-08-09T02:00:00"
"2018/cpansa-archive-zip-2018-01.json","2018-06-28T02:00:00"
"2018/cpansa-email-address-2014-01.json","2018-06-19T02:00:00"
"2018/cpansa-pgobject-util-dbadmin-2018-01.json","2018-06-18T02:00:00"
"2018/cpansa-archive-tar-2018-01.json","2018-06-12T02:00:00"
"2018/cpansa-win32-file-summary-2018-01.json","2018-06-12T02:00:00"
"2018/cpansa-mojolicious-2018-03.json","2018-05-19T02:00:00"
"2018/cpansa-mojolicious-2018-02.json","2018-05-11T02:00:00"
"2018/cpansa-perl-2018-6798.json","2018-04-17T02:00:00"
"2018/cpansa-perl-2018-6797.json","2018-04-17T02:00:00"
"2018/cpansa-perl-2018-6913.json","2018-04-17T02:00:00"
"2018/cpansa-dbd-sqlite-2018-8740.json","2018-03-17T01:00:00"
"2018/cpansa-xml-simple-2018-01.json","2018-02-18T01:00:00"
"2018/cpansa-mojolicious-2018-01.json","2018-02-13T01:00:00"
"2018/cpansa-dancer2-2018-01.json","2018-01-30T01:00:00"
"2018/cpansa-http-session2-2018-01.json","2018-01-26T01:00:00"
"2018/cpansa-app-github-email-2018-01.json","2018-01-20T01:00:00"
"2018/cpansa-clipboard-2014-5509.json","2018-01-08T01:00:00"
"2017/cpansa-net-ping-external-2008-7319.json","2017-11-07T01:00:00"
"2017/cpansa-libwww-perl-2017-01.json","2017-11-06T01:00:00"
"2017/cpansa-catalyst-plugin-static-simple-2017-01.json","2017-10-31T01:00:00"
"2017/cpansa-ui-dialog-2008-7315.json","2017-10-10T02:00:00"
"2017/cpansa-perl-2017-12814.json","2017-09-28T02:00:00"
"2017/cpansa-perl-2017-12883.json","2017-09-19T02:00:00"
"2017/cpansa-perl-2017-12837.json","2017-09-19T02:00:00"
"2017/cpansa-socket-2017-01.json","2017-08-17T02:00:00"
"2017/cpansa-apache-authenhook-2010-3845.json","2017-08-08T02:00:00"
"2017/cpansa-cbor-xs-2017-01.json","2017-07-27T02:00:00"
"2017/cpansa-dbd-sqlite-2017-10989.json","2017-07-07T02:00:00"
"2017/cpansa-dbd-mariadb-2018-01.json","2017-07-01T02:00:00"
"2017/cpansa-dbd-mariadb-2017-02.json","2017-07-01T02:00:00"
"2017/cpansa-dbd-mariadb-2017-01.json","2017-07-01T02:00:00"
"2017/cpansa-rt-authen-externalauth-2017-01.json","2017-06-15T02:00:00"
"2017/cpansa-iptables-parse-2015-8326.json","2017-06-07T02:00:00"
"2017/cpansa-svg-sparkline-2017-01.json","2017-05-15T02:00:00"
"2017/cpansa-config-model-2017-03.json","2017-05-10T02:00:00"
"2017/cpansa-config-model-2017-02.json","2017-05-10T02:00:00"
"2017/cpansa-config-model-2017-01.json","2017-05-10T02:00:00"
"2017/cpansa-yaml-2017-01.json","2017-05-10T02:00:00"
"2017/cpansa-file-path-2017-01.json","2017-05-02T02:00:00"
"2017/cpansa-dpkg-2017-8283.json","2017-04-26T02:00:00"
"2017/cpansa-dbd-mysql-2017-02.json","2017-04-13T02:00:00"
"2017/cpansa-file-dataclass-2017-01.json","2017-04-01T02:00:00"
"2017/cpansa-dbd-mysql-2017-01.json","2017-03-23T01:00:00"
"2017/cpansa-devel-ppport-2017-01.json","2017-02-14T01:00:00"
"2017/cpansa-perl-2015-8608.json","2017-02-07T01:00:00"
"2017/cpansa-storable-2017-01.json","2017-01-29T01:00:00"
"2017/cpansa-fake-encode-2017-01.json","2017-01-23T01:00:00"
"2017/cpansa-fake-our-2017-01.json","2017-01-23T01:00:00"
"2017/cpansa-mt-2016-5742.json","2017-01-23T01:00:00"
"2017/cpansa-gbrowse-2017-01.json","2017-01-15T01:00:00"
"2016/cpansa-cpanel-json-xs-2016-02.json","2016-11-23T01:00:00"
"2016/cpansa-dbd-mysql-2016-03.json","2016-11-16T01:00:00"
"2016/cpansa-image-info-2016-01.json","2016-11-04T01:00:00"
"2016/cpansa-cpanel-json-xs-2016-01.json","2016-10-06T02:00:00"
"2016/cpansa-dbd-mysql-2016-02.json","2016-10-02T02:00:00"
"2016/cpansa-dbd-sqlite-2016-6153.json","2016-09-26T02:00:00"
"2016/cpansa-file-keepass-2016-01.json","2016-09-14T02:00:00"
"2016/cpansa-dbd-mysql-2016-01.json","2016-08-19T02:00:00"
"2016/cpansa-extutils-makemaker-2016-01.json","2016-08-07T02:00:00"
"2016/cpansa-app-japerl-2016-1238.json","2016-08-02T02:00:00"
"2016/cpansa-archive-tar-2016-1238.json","2016-08-02T02:00:00"
"2016/cpansa-digest-2016-1238.json","2016-08-02T02:00:00"
"2016/cpansa-dpkg-2016-1238.json","2016-08-02T02:00:00"
"2016/cpansa-io-compress-2016-1238.json","2016-08-02T02:00:00"
"2016/cpansa-ipc-cmd-2016-1238.json","2016-08-02T02:00:00"
"2016/cpansa-imager-2016-1238.json","2016-08-02T02:00:00"
"2016/cpansa-locale-maketext-2016-1238.json","2016-08-02T02:00:00"
"2016/cpansa-module-load-conditional-2016-1238.json","2016-08-02T02:00:00"
"2016/cpansa-module-provision-2016-1238.json","2016-08-02T02:00:00"
"2016/cpansa-pod-perldoc-2016-1238.json","2016-08-02T02:00:00"
"2016/cpansa-win32-file-summary-2016-1238.json","2016-08-02T02:00:00"
"2016/cpansa-perl-2016-6185.json","2016-08-02T02:00:00"
"2016/cpansa-http-tiny-2016-1238.json","2016-07-29T02:00:00"
"2016/cpansa-encode-2016-01.json","2016-07-27T02:00:00"
"2016/cpansa-sys-syslog-2016-1238.json","2016-07-27T02:00:00"
"2016/cpansa-perl-2015-8853.json","2016-05-25T02:00:00"
"2016/cpansa-yaml-libyaml-2016-01.json","2016-03-10T01:00:00"
"2016/cpansa-pathtools-2016-02.json","2016-02-08T01:00:00"
"2016/cpansa-cgi-apachessi-2016-01.json","2016-01-31T01:00:00"
"2016/cpansa-pathtools-2016-01.json","2016-01-11T01:00:00"
"2015/cpansa-dbd-mysql-2015-01.json","2015-12-27T01:00:00"
"2015/cpansa-dpkg-2015-0860.json","2015-12-03T01:00:00"
"2015/cpansa-html-scrubber-2015-5667.json","2015-10-31T01:00:00"
"2015/cpansa-ui-dialog-2015-01.json","2015-10-10T02:00:00"
"2015/cpansa-perl-2013-7422.json","2015-08-16T02:00:00"
"2015/cpansa-dbd-sqlite-2013-7443.json","2015-08-12T02:00:00"
"2015/cpansa-soap-lite-2015-01.json","2015-07-21T02:00:00"
"2015/cpansa-net-openid-consumer-2015-05.json","2015-05-26T02:00:00"
"2015/cpansa-dbd-sqlite-2015-3416.json","2015-04-24T02:00:00"
"2015/cpansa-dbd-sqlite-2015-3415.json","2015-04-24T02:00:00"
"2015/cpansa-dbd-sqlite-2015-3414.json","2015-04-24T02:00:00"
"2015/cpansa-xml-libxml-2015-01.json","2015-04-23T02:00:00"
"2015/cpansa-xml-libxml-2017-01.json","2015-04-23T02:00:00"
"2015/cpansa-dpkg-2015-0840.json","2015-04-13T02:00:00"
"2015/cpansa-mt-2013-2184.json","2015-03-27T01:00:00"
"2015/cpansa-mt-2015-1592.json","2015-02-19T01:00:00"
"2015/cpansa-mojolicious-2015-01.json","2015-02-02T01:00:00"
"2015/cpansa-plack-2015-0202.json","2015-02-02T01:00:00"
"2015/cpansa-zonemaster-backend-2015-001.json","2015-01-28T01:00:00"
"2015/cpansa-dpkg-2014-8625.json","2015-01-20T01:00:00"
"2014/cpansa-mt-2014-9057.json","2014-12-16T01:00:00"
"2014/cpansa-yaml-libyaml-2014-9130.json","2014-12-08T01:00:00"
"2014/cpansa-cmd-dwarf-2014-01.json","2014-12-03T01:00:00"
"2014/cpansa-dbi-2014-01.json","2014-10-15T02:00:00"
"2014/cpansa-mojolicious-plugin-oauth2-2014-01.json","2014-10-07T02:00:00"
"2014/cpansa-mojolicious-2014-01.json","2014-10-07T02:00:00"
"2014/cpansa-cgi-application-2013-7329.json","2014-10-06T02:00:00"
"2014/cpansa-capture-tiny-2014-1875.json","2014-10-06T02:00:00"
"2014/cpansa-data-dumper-2014-01.json","2014-09-30T02:00:00"
"2014/cpansa-mt-2012-1503.json","2014-08-29T02:00:00"
"2014/cpansa-term-readline-gnu-2014-2524.json","2014-08-20T02:00:00"
"2014/cpansa-pinto-2014-01.json","2014-08-19T02:00:00"
"2014/cpansa-xml-dt-2014-5260.json","2014-08-16T02:00:00"
"2014/cpansa-plack-middleware-session-2014-01.json","2014-08-11T02:00:00"
"2014/cpansa-plack-2014-0801.json","2014-08-01T02:00:00"
"2014/cpansa-dbd-mysql-2014-01.json","2014-07-30T02:00:00"
"2014/cpansa-compress-lz4-2014-01.json","2014-07-07T02:00:00"
"2014/cpansa-email-address-2014-4720.json","2014-07-06T02:00:00"
"2014/cpansa-email-address-2014-01.json","2014-07-03T02:00:00"
"2014/cpansa-otogiri-2014-01.json","2014-07-03T02:00:00"
"2014/cpansa-app-context-2012-6141.json","2014-06-04T02:00:00"
"2014/cpansa-html-ep-2012-6142.json","2014-06-04T02:00:00"
"2014/cpansa-spoon-cookie-2012-6143.json","2014-06-04T02:00:00"
"2014/cpansa-svn-look-2014-01.json","2014-05-31T02:00:00"
"2014/cpansa-dancer-2014-01.json","2014-05-30T02:00:00"
"2014/cpansa-dpkg-2014-3864.json","2014-05-30T02:00:00"
"2014/cpansa-dpkg-2014-3865.json","2014-05-30T02:00:00"
"2014/cpansa-kelp-2014-01.json","2014-05-30T02:00:00"
"2014/cpansa-dpkg-2014-3127.json","2014-05-14T02:00:00"
"2014/cpansa-dpkg-2014-0471.json","2014-04-30T02:00:00"
"2014/cpansa-plrpc-2013-7284.json","2014-04-29T02:00:00"
"2014/cpansa-net-snmp-2014-2285.json","2014-04-27T02:00:00"
"2014/cpansa-perl-version-2014-01.json","2014-02-12T01:00:00"
"2014/cpansa-perl-2010-4777.json","2014-02-10T01:00:00"
"2014/cpansa-proc-daemon-2013-7135.json","2014-01-28T01:00:00"
"2014/cpansa-marc-file-xml-2014-1626.json","2014-01-26T01:00:00"
"2014/cpansa-imager-2014-01.json","2014-01-03T01:00:00"
"2013/cpansa-http-tiny-2013-01.json","2013-11-27T01:00:00"
"2013/cpansa-catalyst-action-rest-2013-01.json","2013-09-03T02:00:00"
"2013/cpansa-http-body-2013-4407.json","2013-09-02T02:00:00"
"2013/cpansa-module-signature-2013-01.json","2013-08-19T02:00:00"
"2013/cpansa-app-perlall-2013-1667.json","2013-03-14T01:00:00"
"2013/cpansa-perl-2013-1667.json","2013-03-14T01:00:00"
"2013/cpansa-file-slurp-2013-01.json","2013-02-04T01:00:00"
"2013/cpansa-plack-2013-0131.json","2013-01-31T01:00:00"
"2013/cpansa-catalyst-runtime-2013-01.json","2013-01-23T01:00:00"
"2013/cpansa-mt-2013-0209.json","2013-01-23T01:00:00"
"2013/cpansa-locale-maketext-2012-6329.json","2013-01-04T01:00:00"
"2012/cpansa-file-glob-2011-2728.json","2012-12-21T01:00:00"
"2012/cpansa-perl-2011-2728.json","2012-12-21T01:00:00"
"2012/cpansa-perl-2012-5195.json","2012-12-18T01:00:00"
"2012/cpansa-catalyst-authentication-store-ldap-2012-01.json","2012-12-11T01:00:00"
"2012/cpansa-lwp-protocol-net-curl-2012-01.json","2012-11-28T01:00:00"
"2012/cpansa-cgi-2012-5526.json","2012-11-21T01:00:00"
"2012/cpansa-activeperl-2012-5377.json","2012-10-11T02:00:00"
"2012/cpansa-proc-processtable-2011-4363.json","2012-10-07T02:00:00"
"2012/cpansa-dezi-2012-01.json","2012-09-13T02:00:00"
"2012/cpansa-dbd-pg-2012-1151.json","2012-09-09T02:00:00"
"2012/cpansa-yaml-libyaml-2012-1152.json","2012-09-09T02:00:00"
"2012/cpansa-search-opensearch-server-2012-01.json","2012-08-31T02:00:00"
"2012/cpansa-config-inifiles-2012-2451.json","2012-06-27T02:00:00"
"2012/cpansa-rt-extension-mobileui-2012-01.json","2012-05-18T02:00:00"
"2012/cpansa-crypt-passwd-xs-2012-01.json","2012-05-07T02:00:00"
"2012/cpansa-plack-middleware-staticshared-2012-01.json","2012-04-26T02:00:00"
"2012/cpansa-mt-2011-5085.json","2012-04-02T02:00:00"
"2012/cpansa-mt-2011-5084.json","2012-04-02T02:00:00"
"2012/cpansa-mt-2012-0320.json","2012-03-03T01:00:00"
"2012/cpansa-mt-2012-0317.json","2012-03-03T01:00:00"
"2012/cpansa-digest-2011-3597.json","2012-01-13T01:00:00"
"2012/cpansa-encode-2011-2939.json","2012-01-13T01:00:00"
"2012/cpansa-par-2011-5060.json","2012-01-13T01:00:00"
"2012/cpansa-html-template-pro-2011-4616.json","2012-01-06T01:00:00"
"2011/cpansa-rtmp-client-2011-01.json","2011-12-01T01:00:00"
"2011/cpansa-cgi-2011-2766.json","2011-11-08T01:00:00"
"2011/cpansa-elive-2011-01.json","2011-10-15T02:00:00"
"2011/cpansa-dbd-mysqlpp-2011-01.json","2011-10-14T02:00:00"
"2011/cpansa-crypt-dsa-2011-3599.json","2011-10-10T02:00:00"
"2011/cpansa-fcgi-2011-01.json","2011-09-24T02:00:00"
"2011/cpansa-data-formvalidator-2011-2201.json","2011-09-14T02:00:00"
"2011/cpansa-par-packer-2011-01.json","2011-07-18T02:00:00"
"2011/cpansa-par-2011-01.json","2011-07-18T02:00:00"
"2011/cpansa-perl-2011-0761.json","2011-05-13T02:00:00"
"2011/cpansa-mojolicious-2010-4803.json","2011-05-03T02:00:00"
"2011/cpansa-mojolicious-2010-4802.json","2011-05-03T02:00:00"
"2011/cpansa-mojolicious-2011-1841.json","2011-05-03T02:00:00"
"2011/cpansa-mojolicious-2009-5074.json","2011-05-03T02:00:00"
"2011/cpansa-perl-2011-1487.json","2011-04-11T02:00:00"
"2011/cpansa-dancer-2011-01.json","2011-04-05T02:00:00"
"2011/cpansa-mojolicious-2011-02.json","2011-04-05T02:00:00"
"2011/cpansa-jifty-dbi-2011-01.json","2011-04-04T02:00:00"
"2011/cpansa-jifty-2011-01.json","2011-03-17T01:00:00"
"2011/cpansa-net-server-coro-2011-0411.json","2011-03-16T01:00:00"
"2011/cpansa-mojolicious-2011-01.json","2011-03-10T01:00:00"
"2011/cpansa-dbix-custom-2011-01.json","2011-01-27T01:00:00"
"2011/cpansa-libwww-perl-2011-01.json","2011-01-20T01:00:00"
"2011/cpansa-io-socket-ssl-2010-4334.json","2011-01-14T01:00:00"
"2011/cpansa-dpkg-2010-1679.json","2011-01-11T01:00:00"
"2011/cpansa-dpkg-2011-0402.json","2011-01-11T01:00:00"
"2011/cpansa-mhonarc-2011-01.json","2011-01-09T01:00:00"
"2011/cpansa-mhonarc-2011-02.json","2011-01-09T01:00:00"
"2010/cpansa-cgi-simple-2010-02.json","2010-12-27T01:00:00"
"2010/cpansa-cgi-simple-2010-01.json","2010-12-27T01:00:00"
"2010/cpansa-cgi-simple-2010-2761.json","2010-12-06T01:00:00"
"2010/cpansa-cgi-2010-4411.json","2010-12-06T01:00:00"
"2010/cpansa-cgi-2010-2761.json","2010-12-06T01:00:00"
"2010/cpansa-cgi-2010-02.json","2010-11-08T01:00:00"
"2010/cpansa-net-openid-consumer-2010-01.json","2010-11-06T01:00:00"
"2010/cpansa-libwww-perl-2010-01.json","2010-07-06T02:00:00"
"2010/cpansa-safe-2010-1168.json","2010-06-21T02:00:00"
"2010/cpansa-dpkg-2004-2768.json","2010-06-08T02:00:00"
"2010/cpansa-catalyst-controller-combine-2010-01.json","2010-05-21T02:00:00"
"2010/cpansa-mt-2010-1985.json","2010-05-19T02:00:00"
"2010/cpansa-safe-2010-1447.json","2010-05-19T02:00:00"
"2010/cpansa-perl-2010-1158.json","2010-04-20T02:00:00"
"2010/cpansa-dpkg-2010-0396.json","2010-03-15T01:00:00"
"2010/cpansa-graphics-colornames-2010-02.json","2010-02-11T01:00:00"
"2010/cpansa-cgi-2010-01.json","2010-02-05T01:00:00"
"2010/cpansa-compress-raw-bzip2-2010-0405.json","2010-01-27T01:00:00"
"2009/cpansa-html-parser-2009-3627.json","2009-10-29T01:00:00"
"2009/cpansa-perl-2009-3626.json","2009-10-29T01:00:00"
"2009/cpansa-cpan-2009-01.json","2009-09-23T02:00:00"
"2009/cpansa-ipc-run-2009-01.json","2009-09-14T02:00:00"
"2009/cpansa-io-socket-ssl-2009-3024.json","2009-08-31T02:00:00"
"2009/cpansa-compress-raw-bzip2-2009-1884.json","2009-08-19T02:00:00"
"2009/cpansa-mojomojo-2009-01.json","2009-08-14T02:00:00"
"2009/cpansa-mt-2009-2492.json","2009-07-17T02:00:00"
"2009/cpansa-mt-2009-2481.json","2009-07-16T02:00:00"
"2009/cpansa-compress-raw-zlib-2009-1391.json","2009-06-16T02:00:00"
"2009/cpansa-mod_perl-2009-01.json","2009-05-11T02:00:00"
"2009/cpansa-dbd-pg-2009-0663.json","2009-04-30T02:00:00"
"2009/cpansa-dbd-pg-2009-1341.json","2009-04-30T02:00:00"
"2009/cpansa-jifty-2009-01.json","2009-04-09T02:00:00"
"2009/cpansa-jifty-2008-01.json","2009-04-08T02:00:00"
"2009/cpansa-mdk-common-2009-0912.json","2009-03-16T01:00:00"
"2009/cpansa-mt-2009-0752.json","2009-03-03T01:00:00"
"2009/cpansa-lemonldap-ng-portal-2009-01.json","2009-02-08T01:00:00"
"2009/cpansa-crypt-openssl-dsa-2009-01.json","2009-01-15T01:00:00"
"2009/cpansa-mt-2008-5846.json","2009-01-05T01:00:00"
"2009/cpansa-mt-2008-5845.json","2009-01-05T01:00:00"
"2009/cpansa-mt-2008-5808.json","2009-01-02T01:00:00"
"2008/cpansa-file-path-2008-5303.json","2008-12-01T01:00:00"
"2008/cpansa-file-path-2008-5302.json","2008-12-01T01:00:00"
"2008/cpansa-cgi-application-plugin-runmodedeclare-2008-01.json","2008-10-20T02:00:00"
"2008/cpansa-tk-2008-01.json","2008-10-01T02:00:00"
"2008/cpansa-devel-stacktrace-2008-3502.json","2008-08-06T02:00:00"
"2008/cpansa-filesys-smbclientparser-2008-3285.json","2008-07-24T02:00:00"
"2008/cpansa-html-perlinfo-2008-01.json","2008-07-04T02:00:00"
"2008/cpansa-file-path-2008-2827.json","2008-06-23T02:00:00"
"2008/cpansa-net-snmp-2008-2292.json","2008-05-18T02:00:00"
"2008/cpansa-imager-2008-1928.json","2008-04-24T02:00:00"
"2008/cpansa-perl-2008-1927.json","2008-04-24T02:00:00"
"2008/cpansa-apache-wyrd-2008-01.json","2008-04-14T02:00:00"
"2008/cpansa-moxy-2008-01.json","2008-04-09T02:00:00"
"2008/cpansa-perlbal-2008-1652.json","2008-04-02T02:00:00"
"2008/cpansa-net-dns-2008-01.json","2008-02-08T01:00:00"
"2007/cpansa-cgi-auth-basic-2007-01.json","2007-12-30T01:00:00"
"2007/cpansa-apache-authcas-2007-01.json","2007-12-13T01:00:00"
"2007/cpansa-perl-2007-5116.json","2007-11-07T01:00:00"
"2007/cpansa-archive-tar-2007-4829.json","2007-11-02T01:00:00"
"2007/cpansa-win32-file-summary-2007-4829.json","2007-11-02T01:00:00"
"2007/cpansa-net-dns-2007-3409.json","2007-06-26T02:00:00"
"2007/cpansa-net-dns-2007-3377.json","2007-06-25T02:00:00"
"2007/cpansa-imager-2007-2459.json","2007-05-02T02:00:00"
"2007/cpansa-libapreq2-2006-01.json","2007-04-17T02:00:00"
"2007/cpansa-mod_perl-2007-01.json","2007-03-29T02:00:00"
"2006/cpansa-jifty-2006-01.json","2006-07-06T02:00:00"
"2006/cpansa-activeperl-2006-2856.json","2006-06-06T02:00:00"
"2006/cpansa-cgi-session-2006-01.json","2006-04-06T02:00:00"
"2006/cpansa-cgi-session-2006-1279.json","2006-03-19T01:00:00"
"2006/cpansa-crypt-cbc-2006-0898.json","2006-02-25T01:00:00"
"2005/cpansa-perl-2005-3962.json","2005-12-01T01:00:00"
"2005/cpansa-catalyst-runtime-2005-01.json","2005-11-24T01:00:00"
"2005/cpansa-apache-sessionx-2005-01.json","2005-11-15T01:00:00"
"2005/cpansa-catalyst-plugin-static-2005-01.json","2005-11-14T01:00:00"
"2005/cpansa-net-snmp-2005-2811.json","2005-09-07T02:00:00"
"2005/cpansa-net-ssleay-2005-0106.json","2005-05-03T02:00:00"
"2005/cpansa-convert-uulib-2005-1349.json","2005-05-02T02:00:00"
"2005/cpansa-dbi-2005-01.json","2005-05-02T02:00:00"
"2005/cpansa-file-path-2005-0448.json","2005-05-02T02:00:00"
"2005/cpansa-net-server-2005-1127.json","2005-05-02T02:00:00"
"2005/cpansa-perl-2005-0155.json","2005-05-02T02:00:00"
"2005/cpansa-cgi-application-plugin-autorunmode-2005-01.json","2005-03-04T01:00:00"
"2005/cpansa-perl-2005-0156.json","2005-02-07T01:00:00"
"2005/cpansa-cgi-application-dispatch-2005-001.json","2005-01-20T01:00:00"
"2005/cpansa-archive-zip-2004-1096.json","2005-01-10T01:00:00"
"2004/cpansa-activeperl-2004-2022.json","2004-12-31T01:00:00"
"2004/cpansa-file-path-2004-0452.json","2004-12-21T01:00:00"
"2004/cpansa-www-mechanize-2004-01.json","2004-10-31T02:00:00"
"2004/cpansa-gbrowse-2004-01.json","2004-04-05T02:00:00"
"2004/cpansa-ui-dialog-2004-01.json","2004-02-18T01:00:00"
"2003/cpansa-perl-2003-0900.json","2003-12-31T01:00:00"
"2003/cpansa-gbrowse-2003-01.json","2003-08-23T02:00:00"
"2002/cpansa-safe-2002-1323.json","2002-12-11T01:00:00"
"2002/cpansa-mail-mailer-2002-1271.json","2002-11-12T01:00:00"
"2002/cpansa-rpc-xml-2002-01.json","2002-10-29T01:00:00"
"2002/cpansa-digest-md5-2002-0703.json","2002-07-26T02:00:00"
"2002/cpansa-soap-lite-2002-01.json","2002-04-08T02:00:00"
"2001/cpansa-activeperl-2001-0815.json","2001-12-06T01:00:00"
"2001/cpansa-papp-2001-01.json","2001-10-27T02:00:00"
"2001/cpansa-eperl-2001-0733.json","2001-10-18T02:00:00"
"2001/cpansa-libwww-perl-2001-01.json","2001-03-14T01:00:00"
"2001/cpansa-apache-mp3-2001-01.json","2001-01-01T01:00:00"
"2000/cpansa-sperl-2000-0703.json","2000-10-20T02:00:00"
"2000/cpansa-soap-lite-2000-01.json","2000-10-05T02:00:00"
"2000/cpansa-apache-asp-2000-01.json","2000-07-10T02:00:00"
"1999/cpansa-perl-1999-1386.json","1999-12-31T01:00:00"
"1999/cpansa-sperl-1999-0462.json","1999-03-17T01:00:00"
"1998/cpansa-mime-tools-1998-01.json","1998-01-10T01:00:00"
"1997/cpansa-sperl-1999-0034.json","1997-05-29T02:00:00"
"1995/cpansa-libwww-perl-1995-01.json","1995-09-06T02:00:00"
